[
 {
  "address": "0:c21fabd3d0cbd5a746c160d8e838da6481be7534c3cd3895c54161b9e17a0802",
  "name": "CAT Services"
 },
 {
  "address": "0:83dfd552e63729b472fcbcc8c45ebcc6691702558b68ec7527e1ba403a0f31a8",
  "name": "TON Foundation (OLD)"
 },
 {
  "address": "0:21137b0bc47669b3267f1de70cbb0cef5c728b8d8c7890451e8613b2d8998270",
  "name": "TON Ecosystem Reserve (OLD)"
 },
 {
  "address": "-1:3333333333333333333333333333333333333333333333333333333333333333",
  "name": "Elector Contract"
 },
 {
  "address": "-1:5555555555555555555555555555555555555555555555555555555555555555",
  "name": "Config Contract"
 },
 {
  "address": "-1:0000000000000000000000000000000000000000000000000000000000000000",
  "name": "System"
 },
 {
  "address": "-1:34517c7bdf5187c55af4f8b61fdc321588c7ab768dee24b006df29106458d7cf",
  "name": "Log tests Contract"
 },
 {
  "address": "0:b774d95eb20543f186c06b371ab88ad704f7e256130caf96189368a7d0cb6ccf",
  "name": ".ton DNS"
 },
 {
  "address": "0:ed1691307050047117b998b561d8de82d31fbf84910ced6eb5fc92e7485ef8a7",
  "name": "TON Believers Fund"
 },
 {
  "address": "0:a45b17f28409229b78360e3290420f13e4fe20f90d7e2bf8c4ac6703259e22fa",
  "name": "Tonstakers"
 },
 {
  "address": "0:dfbd5be8497fdc0c9fcbdfc676864840ddf8ad6423d6d5657d9b0e8270d6c8ac",
  "name": "Tonkeeper battery"
 },
 {
  "address": "0:059a3528654a8a14404660510c6effa6eb5b054ad8007d447c27a8490f0514d3",
  "name": "The Open Network Foundation"
 },
 {
  "address": "0:8bc991cfe177bc7e9721433efa3befd199485a55cffd040a06c89af026b71bcf",
  "name": "Hipo Treasury"
 },
 {
  "address": "0:8c397c43f9ff0b49659b5d0a302b1a93af7ccc63e5f5c0c4f25a9dc1f8b47ab3",
  "name": "Telegram"
 },
 {
  "address": "0:8f2d840ec05d118f98459a057b1fcab535c57b9371222be15667fee932ceaf53",
  "name": "battery.ton"
 },
 {
  "address": "0:7251e83282040cfd2387cf677b2864f7f021720fa040cda543a9194119442cea",
  "name": "Tonkeeper battery refunds"
 },
 {
  "address": "0:a3935861f79daf59a13d6d182e1640210c02f98e3df18fda74b8f5ab141abf18",
  "name": "Getgems Marketplace"
 },
 {
  "address": "0:584ee61b2dff0837116d0fcb5078d93964bcbe9c05fd6a141b1bfca5d6a43e18",
  "name": "Getgems Sales"
 },
 {
  "address": "0:eb2eaf97ea32993470127208218748758a88374ad2bbd739fc75c9ab3a3f233d",
  "name": "Disintar Marketplace"
 },
 {
  "address": "0:4d695da777df8e1839965cd8a9e928b3b328321ab85dec243e86427ac66edbe8",
  "name": "OTC Market"
 },
 {
  "address": "0:16709d273b75ad3654a652329caafe3bdf9602be246abbb2cc349a0f5ec74754",
  "name": "Megaton Finance"
 },
 {
  "address": "0:310b71b340182396f5ba08903081a1ef6ab4df571a3ca7b05effa44c4a3b0f92",
  "name": "Megaton Finance Dex"
 },
 {
  "address": "0:779dcc815138d9500e449c5291e7f12738c23d575b5310000f6a253bd607384e",
  "name": "STON.fi Dex"
 },
 {
  "address": "0:91d73056e035232f09aaf8242a1d51eea98b6a5bebbf8ac0c9e521d02a1a4bdb",
  "image": "https://ton.ams3.digitaloceanspaces.com/tonapi-misc/logos/morgenshtern_288.png",
  "name": "Morgenshtern"
 },
 {
  "address": "0:a90da09563b6740a4b7f68ca09fbdb76b0035cc101450a16e2e79b985ebbb38a",
  "image": "https://ton.ams3.digitaloceanspaces.com/tonapi-misc/logos/morgenshtern_private_288.png",
  "name": "Morgenshtern Private"
 },
 {
  "address": "0:2ecf5e47d591eb67fa6c56b02b6bb1de6a530855e16ad3082eaa59859e8d5fdc",
  "image": "https://ton.ams3.digitaloceanspaces.com/tonapi-misc/logos/telegram_team_288.svg",
  "name": "Telegram Team"
 },
 {
  "address": "0:408da3b28b6c065a593e10391269baaa9c5f8caebc0c69d9f0aabbab2a99256b",
  "image": "https://ton.ams3.digitaloceanspaces.com/tonapi-misc/logos/fragment_288.svg",
  "name": "Fragment"
 },
 {
  "address": "0:d8cd999fb2b1b384e6ca254c3883375e23111a8b78c015b886286c31bf11e29d",
  "image": "https://t.me/i/userpic/320/onetimeusername.jpg",
  "name": "Pavel Durov"
 },
 {
  "address": "0:ed53bc999e5a4af69a3f9c3de5376f7d90c487e1528f331e716dbe85903d5112",
  "image": "https://cdn.joincommunity.xyz/clicker/moneta.png",
  "name": "Notcoin"
 },
 {
  "address": "-1:a491d63f07ba7eefb4cb9f685484ce9089d5abaec97c15858222f04ca592a9ac",
  "name": "PoW Giver 1"
 },
 {
  "address": "-1:1261cf37a66e49906b74a774d0464ba2339f0ef42af7c1a52d47d3a816aef5ea",
  "name": "PoW Giver 2"
 },
 {
  "address": "-1:85578413c4b97eec2b7713a32a3ad32df911973318b6ee0e08eb8e65c3a3135a",
  "name": "PoW Giver 3"
 },
 {
  "address": "-1:cd4b37c3248d40deb38cd06426ef1b285171d3826761379f8eac60fcbb02f624",
  "name": "PoW Giver 4"
 },
 {
  "address": "-1:207f53d0cb8bb6914465f86cf82db4b6f5e68de2c55dad54243cef892fcd1584",
  "name": "PoW Giver 5"
 },
 {
  "address": "-1:243ba2ba421e9833875d8d161896f5402bb220c96f197adfb866f36b56c990e0",
  "name": "PoW Giver 6"
 },
 {
  "address": "-1:8ffd339dc1c0a1d005c7841a480833314adc477a759d2c20cb347e5070da7030",
  "name": "PoW Giver 7"
 },
 {
  "address": "-1:75a3834d4ebc89f82c37b031adf4e4e269f9844dd54550cbf29507453e83b122",
  "name": "PoW Giver 8"
 },
 {
  "address": "-1:625a1c24f46c005e3b70286faf37bae65d3de12c84f6dd1058e8a8556b29d1ac",
  "name": "PoW Giver 9"
 },
 {
  "address": "-1:097c5504261869456f34fe3a83ef3cd0b5e1fa1011cecf188e87281184176de3",
  "name": "PoW Giver 10"
 },
 {
  "address": "-1:20baa7486d8ea4a4cca447c58579519b65c3f68ae05a8177e742eab4ac6af180",
  "name": "Large Giver 1"
 },
 {
  "address": "-1:42c51791c9a1a3d2fa521f48116643808ad9bfc831ef822306b66bc6f994e2ae",
  "name": "Large Giver 2"
 },
 {
  "address": "-1:965c0e025f896ac9594de2a22d9504963c5232d3436f3b6040c9d802e024de21",
  "name": "Large Giver 3"
 },
 {
  "address": "-1:32178a177c88fb059824a9733a56c9831200aa59548a1023b5a42d0b5d6977f7",
  "name": "Large Giver 4"
 },
 {
  "address": "-1:67358ebd4b7fe178105252da474612338e3a98d0286e81ea9b59c406b468fe81",
  "name": "Large Giver 5"
 },
 {
  "address": "-1:f0517c7e975121c3491f411805b5628ed3b07a5a14aa7144193728782668fc47",
  "name": "Large Giver 6"
 },
 {
  "address": "-1:fa91e5b94678b035061eab70cd58672884a3b023ce69f95d8cb0f938bf6dedc8",
  "name": "Large Giver 7"
 },
 {
  "address": "-1:cd48fa45e1943b9ab3f297093ef17410d6a143e5ebcb9f1e7fa1954dcb0cce8d",
  "name": "Large Giver 8"
 },
 {
  "address": "-1:ae3568f82664c979fafb21f8c149842115b77726ab50e9cc6e348b09a8343c4a",
  "name": "Large Giver 9"
 },
 {
  "address": "-1:263b897a641fde68c9f53aa8cb46bae4881712b7b9184ef242fddcc92dda440c",
  "name": "Large Giver 10"
 },
 {
  "address": "0:ad8afecfacc248996885d8be6824280f9f3a7e54c2f6080b7971b9f556c280c4",
  "image": "https://ton.ams3.digitaloceanspaces.com/tonapi-misc/logos/crypto_bot_288.svg",
  "name": "Crypto Bot",
  "require_memo": true
 },
 {
  "address": "0:dddcd3cdad60af4c0d69389f567ad51d0c263fa4968d655ab424c69aadaf9322",
  "image": "https://ton.ams3.digitaloceanspaces.com/tonapi-misc/logos/wallet_bot_288.svg",
  "name": "Wallet Bot 1",
  "require_memo": true
 },
 {
  "address": "0:436a76c2794a88e3fbfec6b9c0374fc8db046f10868b835420d9937973a665d4",
  "image": "https://ton.ams3.digitaloceanspaces.com/tonapi-misc/logos/wallet_bot_288.svg",
  "name": "Wallet Bot 2",
  "require_memo": true
 },
 {
  "address": "0:6e814e6450e8c578067bb656298fb4d01397dd15018d7f34dc369eaba4c2111c",
  "image": "https://ton.ams3.digitaloceanspaces.com/tonapi-misc/logos/wallet_bot_288.svg",
  "name": "Wallet Bot 3",
  "require_memo": true
 },
 {
  "address": "0:5f00decb7da51881764dc3959cec60609045f6ca1b89e646bde49d492705d77f",
  "image": "https://ton.ams3.digitaloceanspaces.com/tonapi-misc/logos/okx_288.svg",
  "name": "OKX 1",
  "require_memo": true
 },
 {
  "address": "0:f15db2c62cd86aff0860d39c491fc73a31395fafeb5945e644498562260c782e",
  "image": "https://ton.ams3.digitaloceanspaces.com/tonapi-misc/logos/okx_288.svg",
  "name": "OKX 2",
  "require_memo": true
 },
 {
  "address": "0:e7e86da08742ed933434ffeb8f08a63c7e100ee842e25f599a9cbf0891574a6c",
  "image": "https://ton.ams3.digitaloceanspaces.com/tonapi-misc/logos/okx_288.svg",
  "name": "OKX 3",
  "require_memo": true
 },
 {
  "address": "0:0338def34b84c6ee9134a04ab1601450be446340a37ae259de57cb37bdb590cd",
  "image": "https://ton.ams3.digitaloceanspaces.com/tonapi-misc/logos/okx_288.svg",
  "name": "OKX 4",
  "require_memo": true
 },
 {
  "address": "0:a30a49ec725e9f57244b66af4c2da7ab76004b4fce80d3a34b1cd0c37762abce",
  "image": "https://ton.ams3.digitaloceanspaces.com/tonapi-misc/logos/okx_288.svg",
  "name": "OKX 5",
  "require_memo": true
 },
 {
  "address": "0:24da1e7b8da901e5b3dd0f98c397feb6e5a5ea483195a8b6bd0682cf2c5327ae",
  "image": "https://ton.ams3.digitaloceanspaces.com/tonapi-misc/logos/okx_288.svg",
  "name": "OKX 6",
  "require_memo": true
 },
 {
  "address": "0:7f2e84c723d8b6b6b1aacf810c8c26ab23c22022b464b87104b2d3065b0ea70b",
  "image": "https://ton.ams3.digitaloceanspaces.com/tonapi-misc/logos/okx_288.svg",
  "name": "OKX 7",
  "require_memo": true
 },
 {
  "address": "0:854ec4521efd52ad43bcf1988e4c44ebdf9a26ad18fa51abfdb685fc3b348a5c",
  "image": "https://ton.ams3.digitaloceanspaces.com/tonapi-misc/logos/okx_288.svg",
  "name": "OKX 8",
  "require_memo": true
 },
 {
  "address": "0:b31535e934db05bbc220267467903c8108bdabcbc2a06588838b726ddf589ef0",
  "image": "https://ton.ams3.digitaloceanspaces.com/tonapi-misc/logos/ftx_288.svg",
  "name": "FTX",
  "require_memo": true
 },
 {
  "address": "0:57eb74407604a19f7e04005315ef70aeb7b675e6551977586756f6baf12125ee",
  "image": "https://ton.ams3.digitaloceanspaces.com/tonapi-misc/logos/mexc_288.svg",
  "name": "MEXC 1",
  "require_memo": true
 },
 {
  "address": "0:1c7bd690f4f93de8b93db5790129dab65926c6e1fc9b57380089db5529516630",
  "image": "https://ton.ams3.digitaloceanspaces.com/tonapi-misc/logos/mexc_288.svg",
  "name": "MEXC 2",
  "require_memo": true
 },
 {
  "address": "0:d887d0e2d1c4fc4126e71c970d33ab1896940000eae703bb1ab6cecc830777e3",
  "image": "https://ton.ams3.digitaloceanspaces.com/tonapi-misc/logos/mexc_288.svg",
  "name": "MEXC 3",
  "require_memo": true
 },
 {
  "address": "0:7994848c1fcbcbc57a6a5a987b66eb424b8b54e10759b6b514a66b600c2b0eef",
  "image": "https://ton.ams3.digitaloceanspaces.com/tonapi-misc/logos/exmo_288.svg",
  "name": "EXMO",
  "require_memo": true
 },
 {
  "address": "0:8d195793baad9a08c46dc353aebe999341dabd07721b9725f19e18abc3d10d92",
  "image": "https://ton.ams3.digitaloceanspaces.com/tonapi-misc/logos/exmo_cold_storage_1_288.svg",
  "name": "EXMO Cold Storage 1",
  "require_memo": true
 },
 {
  "address": "0:26ab8ae763a3a7c3067d882b7b01cd5d37254cb8768f57b6a47c00028effc7b8",
  "image": "https://ton.ams3.digitaloceanspaces.com/tonapi-misc/logos/exmo_cold_storage_2_288.svg",
  "name": "EXMO Cold Storage 2",
  "require_memo": true
 },
 {
  "address": "0:0130c77346e9ed82df677d107ad6a775c11f9c18f6a05c0dd17906b355850dad",
  "image": "https://ton.ams3.digitaloceanspaces.com/tonapi-misc/logos/exmo_deposit_288.svg",
  "name": "EXMO Deposit",
  "require_memo": true
 },
 {
  "address": "0:342a359e38357c083968129fddddf049ef5c47315bfbef27505a356bf9f02d65",
  "image": "https://ton.ams3.digitaloceanspaces.com/tonapi-misc/logos/coinex_288.svg",
  "name": "CoinEx",
  "require_memo": true
 },
 {
  "address": "0:555f3053e257130374bb831ae0e219e5e5f9ec0ca8f8a0d133369d3d690c64c2",
  "image": "https://ton.ams3.digitaloceanspaces.com/tonapi-misc/logos/huobi_288.svg",
  "name": "Huobi Deposit",
  "require_memo": true
 },
 {
  "address": "0:85af78e8d035e920117cda654615cdf371d464480b629e110d3c5310d85ab362",
  "name": "Huobi",
  "require_memo": true
 },
 {
  "address": "0:ce3cdcf95089b75ee5ce9824a4ff506f40b75090c4be96637c2b8d38b1097224",
  "image": "https://ton.ams3.digitaloceanspaces.com/tonapi-misc/logos/tonmobile_service_288.svg",
  "name": "TonMobile Service",
  "require_memo": false
 },
 {
  "address": "0:80d4123841167ca989ac912443cc99a4b9c1a87584536427ff6fd85c92395ae9",
  "image": "https://ton.ams3.digitaloceanspaces.com/tonapi-misc/logos/kucoin_288.svg",
  "name": "Kucoin 1",
  "require_memo": true
 },
 {
  "address": "0:b37e57033db21d10b950e6143b658c10c3bf425bd193025960aef7f22dbcf4fc",
  "image": "https://ton.ams3.digitaloceanspaces.com/tonapi-misc/logos/kucoin_withdraw_288.svg",
  "name": "Kucoin Withdraw 1"
 },
 {
  "address": "0:07ce60b7e5f255a88c3707f3fbc79e2cf924ed6b4b7d09c6324f0ba2338a48fa",
  "image": "https://ton.ams3.digitaloceanspaces.com/tonapi-misc/logos/kucoin_withdraw_288.svg",
  "name": "Kucoin Withdraw 2"
 },
 {
  "address": "0:a14b1f452385b2bb984ad2c4441e1d23cae071fdfc096dfba53ebba3b6ff1d10",
  "image": "https://ton.ams3.digitaloceanspaces.com/tonapi-misc/logos/lbank_info_288.svg",
  "name": "lbank.info",
  "require_memo": true
 },
 {
  "address": "0:75726a716f747e60b0371cb0d5d35471e8e1e931003fecc3a0961a8bd82c09c7",
  "image": "https://static.ton-rocket.com/icons/main_bot.png",
  "name": "xRocket Bot Cold Storage (Old)"
 },
 {
  "address": "0:c1dc654b598ab84cda4f12372efed8907cedf0901865a58649087373e01b1c24",
  "name": "xRocket Bot (Old)"
 },
 {
  "address": "0:45614fee399c43d77bb597558791831bc0ee31754cbb2b5b1fbf5a3488ed9940",
  "image": "https://static.ton-rocket.com/icons/main_bot.png",
  "name": "xRocket Bot Cold Storage"
 },
 {
  "address": "0:011a8f0a0b36b779af033473274966666d1cd6fb4e77df679375fbd6f970d012",
  "image": "https://static.ton-rocket.com/icons/main_bot.png",
  "name": "xRocket Bot",
  "require_memo": true
 },
 {
  "address": "0:097dc94a6f87c58b4b5683e3d5830c1d5f11d12262d66cef7fec765ca489425a",
  "image": "https://ton.ams3.digitaloceanspaces.com/tonapi-misc/logos/bitgo_288.svg",
  "name": "BitGo FTX Bankruptcy Custody"
 },
 {
  "address": "0:c3f1da8ecda8f8cd42bace224ea3f1b6971eaa7f54c492d4d190527b4f573f7c",
  "name": "Bybit 1",
  "require_memo": true
 },
 {
  "address": "0:4a1f3ebcc66bdcefa90245bdf541a50ada1c688a487534b1587abffd93038834",
  "name": "Bybit 2",
  "require_memo": true
 },
 {
  "address": "0:cd525c15904d7b4027eae08b318624260f371ce8c9f4fcca0cdb7b583854107c",
  "name": "Bybit 3",
  "require_memo": true
 },
 {
  "address": "0:ae62a192da96e266161a702cc9f6de91c0c3441f17ceba51bc442dfb2031a30a",
  "name": "Bybit 4",
  "require_memo": true
 },
 {
  "address": "0:e3ce05c4da977132c24a3b102da8b5fbf2ea9173337b49de346e4a4b057f7579",
  "name": "Bybit 5",
  "require_memo": true
 },
 {
  "address": "0:008bb088e81e38d583826901093567027cc1575ec744ac354fa4eeec302d166d",
  "image": "https://ton.ams3.digitaloceanspaces.com/tonapi-misc/logos/bit_com_288.svg",
  "name": "bit.com",
  "require_memo": true
 },
 {
  "address": "0:a1376e8bf9f266ec7c6b11ce6e5cd02a9bda363b9ea888a2e239d2383572bc9a",
  "image": "https://ton.ams3.digitaloceanspaces.com/tonapi-misc/logos/avanchange_288.svg",
  "name": "AvanChange",
  "require_memo": true
 },
 {
  "address": "0:1882478daef1b7ed200cbbdc201bd4ed0b24c2e5f1a4c7c15aeb7e3b1a759193",
  "name": "Coinone Deposit",
  "require_memo": true
 },
 {
  "address": "0:a4d2072b1edc1355fc7fbee0095beec7889a2d3cfaa9edcf2ce9e128631abbd6",
  "name": "Coinone Withdrawal"
 },
 {
  "address": "0:f3f4ed0913ab555d023745058f1a6c55a49d4876593cb9bdab1f780a99b185bc",
  "name": "Paribu",
  "require_memo": true
 },
 {
  "address": "0:f9873509de5a2f97f7b2805f5f7aafab447f43c91e751cc8efabc6d2ea09d78a",
  "name": "BingX"
 },
 {
  "address": "0:dfb5074f2139dbfb1f3e823ddfd7976da506e7f78175c98c627ed2e840f78606",
  "image": "https://fixedfloat.com/assets/images/brand/fixedfloat/brand-icon-whitebg.svg",
  "name": "FixedFloat",
  "require_memo": true
 },
 {
  "address": "0:b496b8f73b469ff06a2d89e62c4d70a103fc228c821537b49dff092060bc281f",
  "name": "Gate.io",
  "require_memo": true
 },
 {
  "address": "0:60ff0b28e2b3839bef250a81be9f2e78a6265b980ec5d24df4e44bbff2c3fb25",
  "name": "TIDEX",
  "require_memo": true
 },
 {
  "address": "0:23eef28b6da5a368d6c0b8028fd5ed47c26758676bc9db1b5653caaadc969f91",
  "name": "CWallet",
  "require_memo": true
 },
 {
  "address": "0:00ffafa9fb3d4f837824436d19953c792be6632af73a9b82c4dc69ca07195087",
  "name": "Matrixport",
  "require_memo": true
 },
 {
  "address": "0:b58c73481f25a280f9705ab3424be850614d823256263ecfa049fa9fb917720d",
  "name": "QMall",
  "require_memo": true
 },
 {
  "address": "0:00b402b789e5626e1c61b50c5dbe2024426e92f16c0c2fb735396df96046b5fa",
  "name": "BIT",
  "require_memo": true
 },
 {
  "address": "0:3e07c6dc0c47a0470a7f708aeb5ab1631f108649c9faf61ed758f824a1719222",
  "name": "bc.game",
  "require_memo": true
 },
 {
  "address": "0:2c54797319837b4c6d014fc991c1a8d4294dfd4d6cec4937e370f1f27db0423f",
  "name": "Bitforex",
  "require_memo": true
 },
 {
  "address": "0:6a5a76a1538cf9596590ec3708470649c342624bf92e63a6a7a15254ededa904",
  "name": "Bitfinex",
  "require_memo": true
 },
 {
  "address": "0:59b065c5d66261a5317660e96eee476aa6a11b749bdcbe8c0d1f3dbf24200d1c",
  "name": "OMPFinex",
  "require_memo": true
 },
 {
  "address": "0:2c711f3e9fbe7d9e0c5550e98f0cecee7bb09f06dff122bf9b8bb91ec7fc9de4",
  "name": "SportsBet.io",
  "require_memo": true
 },
 {
  "address": "0:3cd5ad54b190a71caab984b0f210e3742c7f2147b7e9073377d7c6b470017362",
  "name": "Bitrue",
  "require_memo": true
 },
 {
  "address": "0:6c53cd87cc0d33486db42c1c7fc03dfaeb2f7b815afc368ab1aee567edda3f72",
  "name": "Coinspot",
  "require_memo": true
 },
 {
  "address": "0:9a582c23266b8ea47eb71118a3c040d42b230b2266fecffe2d3cd390c0922c35",
  "name": "BigOne",
  "require_memo": true
 },
 {
  "address": "0:dd528505af15c6e5206bdd8f6c9a3b541f80ca98ae8a5066ab3ff8de1ff5e678",
  "name": "Farhad Exchange",
  "require_memo": true
 },
 {
  "address": "0:2b6f3cda567c385f0645486f3c665a451f56b2969d1be57d86eb77c6077a81d1",
  "name": "BitTime",
  "require_memo": true
 },
 {
  "address": "0:cdf7f0d7c09036f064272e3c429ed570be49ef29eb3a735b64bbc17915073732",
  "name": "Bitget",
  "require_memo": true
 },
 {
  "address": "0:e9c0a24ffaa6aa4f228890e71ae9550bfc53a6c57e643bc31c240e18727ac1ce",
  "name": "Bitget2",
  "require_memo": true
 },
 {
  "address": "0:336502faf83ef5b532d315ba71450b661c90e83fce64d8bc1fd2bf642f3555d9",
  "name": "Bitget3",
  "require_memo": true
 },
 {
  "address": "0:b308c7f9b4f596f6250175885972549871b05c70ed3619fd5a939401eea972e4",
  "name": "Bitget4",
  "require_memo": true
 },
 {
  "address": "0:e2d1df206b372db1f3b890e60d185b67aa0c9f1b6b6ff60a05091c8c01b40ac4",
  "name": "Bitget5",
  "require_memo": true
 },
 {
  "address": "0:7a0dc94da9f48b968dfb87be38d4fab7286288db7a04d3081feee177376d9089",
  "name": "Bitget6",
  "require_memo": true
 },
 {
  "address": "0:8785ef5ebb0fd24c6911d10f43c00961e9748fa54297a1ac517e3c5fe76bb0be",
  "name": "Bitget7",
  "require_memo": true
 },
 {
  "address": "0:213b6804c2082135a4a803da8e3b30cfed51aee9af2ad2100334b7f4711d3bcc",
  "name": "Bitget8",
  "require_memo": true
 },
 {
  "address": "0:573dfe99490a041703e977e4724135c5b8bea0bea67839612247451ca9d5c4cb",
  "name": "Bitget9",
  "require_memo": true
 },
 {
  "address": "0:de2519a527de7e1d4c1028bdb74e022b28a6e370e4fec3fc27d8d971308f99bb",
  "name": "Bitget10",
  "require_memo": true
 },
 {
  "address": "0:06476e580e250d0abec5c365a711833483c581d57b908be37d56bdb0e338c312",
  "name": "Bitget11",
  "require_memo": true
 },
 {
  "address": "0:f99b14600ae44d2f12b178e8c6eabd78892ae82c5e45b6898f9deb7eb203f9c4",
  "name": "Binance",
  "require_memo": true
 },
 {
  "address": "0:a2faca7adfebd5c5970108d1f79065cef32b0c143fb13489066b684cdd7ee95c",
  "name": "BitMart",
  "require_memo": true
 },
 {
  "address": "0:5d5a830e48214791f4ab5352900c624d3bff3c5efd630196b180158eb789990f",
  "name": "Nobitex",
  "require_memo": true
 },
 {
  "address": "0:fac8ffcb6f89572a1232d59e91c65909ae408663fd2ceaecd35f35b5e9d670f4",
  "name": "Bitpin1",
  "require_memo": true
 },
 {
  "address": "0:c14ce5d772539be26fde315a505a1e0514104e76eef776f0b845e57df0557ddb",
  "name": "Bitpin2",
  "require_memo": true
 },
 {
  "address": "0:dd36441bf4aa8a6a6ecfd763efde1eb82dd86bdcfb1456b45ff4b73f87657184",
  "name": "Bitpin3",
  "require_memo": true
 },
 {
  "address": "-1:4d5c0210b35daddaa219fac459dba0fdefb1fae4e97a0d0797739fe050d694ca",
  "name": "BSC Bridge"
 },
 {
  "address": "0:07235bc6bb0edde161be0ad7c3ad6a843cdb6652e2a32851057899996aaa9f59",
  "name": "BSC Bridge Collector"
 },
 {
  "address": "-1:0ebd7ff9ca70e06e9e22a8922f5ae75211a9d6a34a8094e8e1587b606bdbb662",
  "name": "BSC Bridge Governance"
 },
 {
  "address": "-1:dd24c4a1f2b88f8b7053513b5cc6c5a31bc44b2a72dcb4d8c0338af0f0d37ec5",
  "name": "ETH Bridge"
 },
 {
  "address": "0:aecef20e5cb8c7dadbf7e60638b73848bd70aa6560ee2bd91484519728b22683",
  "name": "ETH Bridge Collector"
 },
 {
  "address": "-1:3b9bbfd0ad5338b9700f0833380ee17d463e51c1ae671ee6f08901bde899b202",
  "name": "ETH Bridge Governance"
 },
 {
  "address": "-1:cfd82270efce0ed6a55df106e7f11090738120c40b3c45af8cddb0e1667dce7f",
  "name": "Bridge Oracle 0"
 },
 {
  "address": "-1:037ce6c352b36acfaea9affef131b5187245056c822f461d4548d79548b5abbe",
  "name": "Bridge Oracle 1"
 },
 {
  "address": "-1:092aac7823e5c408bb95853a9e63558c81b813a7c2ddde6ccdf8952880117864",
  "name": "Bridge Oracle 2"
 },
 {
  "address": "-1:2fa00161f81c8278a0f749986330dce2a2a0a60ce2ba4ba21a79e7d3c1899186",
  "name": "Bridge Oracle 3"
 },
 {
  "address": "-1:ee2554d34e853c6f7a3bf89af9a5c52a7a7c56cc3358a72925be197bdca48803",
  "name": "Bridge Oracle 4"
 },
 {
  "address": "-1:77a252d6aa1d4eb814933a724a599e0dc3136afc42cae79fe1fe568d3d5c3170",
  "name": "Bridge Oracle 5"
 },
 {
  "address": "-1:e250f65d28b382aea70da43b8518d1268ae070301d7c4c15cd8c38a67b0a4313",
  "name": "Bridge Oracle 6"
 },
 {
  "address": "-1:ed4c6193a0698e35e3ec907fd8e991be40b57d29c8390c85de2b006f097e1889",
  "name": "Bridge Oracle 7"
 },
 {
  "address": "-1:782f9dda90fc3ee203a4dae40e7a75320d82ce6a27f6836b91a22bb59efd1c59",
  "name": "Bridge Oracle 8"
 },
 {
  "address": "0:2d91b57ccac23be5eedf68ef0886ed2616d9ac83ea2c8fb826ad383f9a58d545",
  "name": "Orbit Bridge TON Vault"
 },
 {
  "address": "0:7c98d4e0a06e50c6a84e755162e97d0c3a392618d777ddcb7e446053f594f9a0",
  "name": "Orbit Bridge TON Governance"
 },
 {
  "address": "0:2286cf1175480b00d8cdca95792e06941df76852c3152f9a34e8ad85faa15292",
  "name": "Orbit Bridge ETH Minter"
 },
 {
  "address": "0:5b02a23579527c3db6692970399e393a86af10e99531c172d97fe9ed1b5c1ff7",
  "name": "Orbit Bridge ETH Governance"
 },
 {
  "address": "0:253112d360ea06ea433477774b1ea80adf4a25dea218c0c36d11e964b735cffe",
  "name": "Orbit Bridge KLAYTN Minter"
 },
 {
  "address": "0:1b973e97afa6feede2c059e6a020ad839fe83cd5888da6ed289077dcf44c18f7",
  "name": "Orbit Bridge KLAYTN Governance"
 },
 {
  "address": "0:193c98e9c7f542a1a0095bbf2a62d6d42b9f48b217b2b02460cda494729ee4fc",
  "name": "Orbit Bridge POLYGON Minter"
 },
 {
  "address": "0:5b77299489782fd852b8c86c079970b69af9e9c31513ed4f6d8fe9e89d75e7ae",
  "name": "Orbit Bridge POLYGON Governance"
 },
 {
  "address": "0:385e0012cf1d554a2e93d2bf2dbf55dd1f07d4129950863835ab4f5151df2070",
  "name": "Orbit Bridge WEMIX Minter"
 },
 {
  "address": "0:23df7cbfb11a78629bb3f3375219fae161d4e05b5b8b863547b943413719ce03",
  "name": "Orbit Bridge WEMIX Governance"
 },
 {
  "address": "-1:950057f559dddf5ddfa64210f0e6536c55d219bf6fc7d7285b7735c215f21ef6",
  "name": "CAT Validator 1"
 },
 {
  "address": "-1:a9e0def090141c71edc0c1c9b4e9ad4457656c14f611ec6b517339583f41b60b",
  "name": "CAT Validator 2"
 },
 {
  "address": "-1:3ace2a97e2e3e1f9972b38af1b5accd4cdf3611e0fd23e7bdff4240e9c494520",
  "name": "CAT Validator 3"
 },
 {
  "address": "-1:2f93ca7a9e880cfc928c869a979df7c5af38a43b31a321434b3fcb1d21ab086f",
  "name": "CAT Validator 4"
 },
 {
  "address": "-1:709bfc21c233c57bb1f88ef3fe383865ba26459b44dbd868feebbcea4b7d6109",
  "name": "CAT Staking Pool 1"
 },
 {
  "address": "-1:811ced271f8f449cb51eb5920090b92cb200b20f07170676e9db6fbe9da516cf",
  "name": "CAT Staking Pool 2"
 },
 {
  "address": "-1:22bbc12234e3f631ccd5bc7b1e162f82ac63b50b8bfa3244923a055970448d19",
  "name": "CAT Staking Pool 3"
 },
 {
  "address": "-1:0078a04c40a5be3c1f3e4437b22504acc5042be681306d078113013604a0e214",
  "name": "CAT Staking Pool 4"
 },
 {
  "address": "-1:83c56904c6bd7688e4a2d2f25f4f94ca0941bd5b7f9e5889e6d724f9a0424848",
  "name": "CAT Staking Pool 5"
 },
 {
  "address": "-1:33d207a4f8af3cf2997ad6dc84af0f7a4df9ed86357d959ed40d515795a77d1c",
  "name": "CAT Staking Pool 6"
 },
 {
  "address": "-1:7c6ded804a8e3103fb764365481f471da582b2943c9f84bde72fb0728f3d7cd1",
  "name": "CAT Staking Pool 7"
 },
 {
  "address": "-1:21e6977dfd9b9624e9629411fa6bf2ce002c65fd1e8325b58786eb7b40b0cb59",
  "name": "CAT Staking Pool 8"
 },
 {
  "address": "-1:20429a7ba4a0fd1b306b72bde3bbd7da3e31161cf7ab859e2d1694a20e80d420",
  "name": "Very First Pool #1"
 },
 {
  "address": "-1:dda1d87623c063a6fc4922b286e68c28e7f0b5459973919b570b71c62ee35913",
  "name": "Very First Pool #2"
 },
 {
  "address": "-1:508627eefe8e96892dc9cc911a8a532e0ed943aa6cb9e5e0860c9e5c6124c60f",
  "name": "Global Net AC Pool #1"
 },
 {
  "address": "-1:a97069032f8aa37f8e2f37c883f3ecab8ecfb05563a2e4b550b9d6c329bba41d",
  "name": "Global Net AC Pool #2"
 },
 {
  "address": "-1:482567e7d2a0eb8784bc08126c654cc03ebc50907dc2fc96a756b4168ce6792e",
  "name": "Fastnet Pool A #1"
 },
 {
  "address": "-1:ffdfcce6f8cfe44e7e8e808b390ca550cb6aa78c9205e74c59db4deb7a05ab23",
  "name": "Fastnet Pool A #2"
 },
 {
  "address": "-1:3fe9e48249e27209e2cceee0b16237a2aed438668f0e129d16e07258258e080b",
  "name": "Fastnet Pool B #1"
 },
 {
  "address": "-1:e71d1e4850a0817ffa879488c2b145aea3a6dbae1d7be1ffda25f37acc802704",
  "name": "Fastnet Pool B #2"
 },
 {
  "address": "0:148155d40490bb73bda811a406a302ef5a19dffa72a084bef3057f054aaad25e",
  "name": "TonStake Deposit"
 },
 {
  "address": "-1:6a5e87baa97e646e87936d75ddc4d39ca82039dce8bd2d8b18eba97816e34b65",
  "name": "TonStake Validator"
 },
 {
  "address": "0:0e08deca9601b34e9e988d6e9dfdf9bf89b24451ed15c05c8a367655ce52f825",
  "name": "TonStake Withdrawal"
 },
 {
  "address": "0:001618d7ccab90e4dd1cf7a9ec7594160137099bdd3d2d849a080bd61715493f",
  "name": "Whales Pool"
 },
 {
  "address": "0:5e37041286e90bc8e5a32966743b1a1ee54dc44fe029408598782e152d9e2d99",
  "name": "Whales Withdraw 1"
 },
 {
  "address": "0:10c1073837b93fdaad594284ce8b8eff7b9cf25427440eb2fc682762e1471365",
  "name": "Whales Withdraw 2"
 },
 {
  "address": "0:d003af3f88766b0c4764aa32695dc56a10cdea402f6ed30e27021609e0376c8e",
  "name": "Whales Withdraw 3"
 },
 {
  "address": "0:abd54e04566496a71dacba73b58e1b47bde6ada2b8df0e9b6d3020a4a1ad09c8",
  "name": "Whales Withdraw 4"
 },
 {
  "address": "0:01ff7a02d0c1f5af87f3d64ced93a361abd185427ac152039bceb8720178f3ce",
  "name": "Whales Withdraw 5"
 },
 {
  "address": "0:b3e0d95fb6a3899436457abbad463cbc6e90ee3642ee2c59fda47b272be99f5e",
  "name": "TON Coin Pool Fund"
 },
 {
  "address": "0:94a7cf34ef6a4b5063500975d70c524cdc2e6ff465d38d5ee8bb7dcc8f7af45e",
  "name": "TON Coin Pool Rewards"
 },
 {
  "address": "0:94a7cf34ef6a4b5063500975d70c524cdc2e6ff465d38d5ee8bb7dcc8f7af45e",
  "name": "TON Coin Pool Withdraw 1"
 },
 {
  "address": "0:16ea0cec59cfb3a98ed9f6baaec7178e03863a40c074f6c91c0570e79ee2f710",
  "name": "TON Coin Pool Withdraw 2"
 },
 {
  "address": "0:df6c8c4136719d0926322aed12c4fb5dcd5ad405695cef72d71e26b87cbb7621",
  "name": "TON Universe Pool"
 },
 {
  "address": "0:b64ff13043d1afbfb98a59d28ffdf56a6a510105ae705819f623506078871f4b",
  "name": "TON Universe Pool Withdraw 1"
 },
 {
  "address": "0:96d6fd11c0fdf5c4cac3814bb441ad7c67462cb12ba5b2b8680ed647a49ea9e6",
  "name": "TON Universe Pool Withdraw 2"
 },
 {
  "address": "0:3784a56ba6597e8d502d0352a37e968c27b606838e0ce8342e05d057f46e715b",
  "name": "TON Pool"
 },
 {
  "address": "0:3816fbcd833f464e1b9b6cce05e02401651dbab8fe941f5dc2a0438304039724",
  "name": "TON Pool Withdraw 1"
 },
 {
  "address": "0:4de6e3329e03c1286da6c1799faa3deb6563f6b4b31a63d36c9943a2254677af",
  "name": "TON Pool withdraw 2"
 },
 {
  "address": "-1:1189458eea400d0c5dc5b1a22eda8dd009baba5465b2a99c5145733c07d9916c",
  "name": "HB Pool #1"
 },
 {
  "address": "-1:bc8bbd5c4bba73f5fbb3402c5134e231df51336933e99ac365b866f3242e9c54",
  "name": "HB Pool #2"
 },
 {
  "address": "-1:386e6a793b70ed6235e67560183040734cfb2ef9c3cc720e758b767d6df748ef",
  "name": "Rangers Pool #1"
 },
 {
  "address": "-1:f5ab0b1ce4ffe9c62776307f209da46f44901ad64991cbce9eab4242e9759768",
  "name": "Rangers Pool #2"
 },
 {
  "address": "-1:5003d3b6cc19b32b8af83d1e7bef89fbbb766e453c8d012dfba867dcb8ae7f8c",
  "name": "KoreaTON Pool #1"
 },
 {
  "address": "-1:9608d4bd6d2a71eb037d72eb0d6f268156919ab6399a51759c762565c70ef0cf",
  "name": "KoreaTON Pool #2"
 },
 {
  "address": "-1:35147761e4bb41af1f71db4222b7b07f2fe82515f9f3396378d5b1c324b340e3",
  "name": "DG Pool #1"
 },
 {
  "address": "-1:fcce4666e24e1f8efdc869d76875f056070324fb44e02ee5864047da10c9b4c4",
  "name": "DG Pool #2"
 },
 {
  "address": "-1:be899af8a35cef154f6ed06737d1293674dcd625393c111af9c60bfe00e1c18f",
  "name": "Animoca Brands Pool 1"
 },
 {
  "address": "-1:21a56f2ebf9360cf99b99d5fed49105fa3f552987cfaa70fc943a63f3d757943",
  "name": "Animoca Brands Pool 2"
 },
 {
  "address": "0:2363d23750a06ac544ccd6c0786122a9a88d2445a80d28e04230525f905c3280",
  "name": "Scammer"
 },
 {
  "address": "0:ed53bc999e5a4af69a3f9c3de5376f7d90c487e1528f331e716dbe85903d5112",
  "image": "https://cdn.joincommunity.xyz/clicker/moneta.png",
  "name": "Notcoin Royalty"
 },
 {
  "address": "0:10413c964272d399ead2d0659062b158b4ba201ae5c05bf906e60c3ee74455a4",
  "image": "https://cdn.joincommunity.xyz/clicker/moneta.png",
  "name": "Notcoin Foundation"
 },
 {
  "address": "0:0f65ab9654f51c9b6854253f67dfaa71ce7121978eab127d5bcc15cdd1163fca",
  "image": "https://cdn.joincommunity.xyz/clicker/moneta.png",
  "name": "Notcoin Voucher Swap 0"
 },
 {
  "address": "0:12826d10bf78761f6985d16d3a8a43ea62ad9cb53dddc973091ffb2f6c428a07",
  "image": "https://cdn.joincommunity.xyz/clicker/moneta.png",
  "name": "Notcoin Voucher Swap 1"
 },
 {
  "address": "0:2b9663fe4615481b6c801466723d97ccde6d1871cc66a6fa118bab204735a700",
  "image": "https://cdn.joincommunity.xyz/clicker/moneta.png",
  "name": "Notcoin Voucher Swap 2"
 },
 {
  "address": "0:3aa4bfaca58a99a750a4ea8deba58e390a5f9bbcb316fe3dea7557a33a4516a4",
  "image": "https://cdn.joincommunity.xyz/clicker/moneta.png",
  "name": "Notcoin Voucher Swap 3"
 },
 {
  "address": "0:49fde8588ee99029b5df594b9ed4a1ca5dd4e6d46b98241d058f6493fc3c0e46",
  "image": "https://cdn.joincommunity.xyz/clicker/moneta.png",
  "name": "Notcoin Voucher Swap 4"
 },
 {
  "address": "0:519984a3c61f71959a54a849868c5e548ee908f6ffc29b69024eee02a019f75e",
  "image": "https://cdn.joincommunity.xyz/clicker/moneta.png",
  "name": "Notcoin Voucher Swap 5"
 },
 {
  "address": "0:648aa9dc77b0054f9ff6dc7f91a00d95ca793e373abf74ba1e31546d84053d44",
  "image": "https://cdn.joincommunity.xyz/clicker/moneta.png",
  "name": "Notcoin Voucher Swap 6"
 },
 {
  "address": "0:7f3b34c75dbced0017b440782be0fb4057c4fae0b47a683ba75e0680a2284e77",
  "image": "https://cdn.joincommunity.xyz/clicker/moneta.png",
  "name": "Notcoin Voucher Swap 7"
 },
 {
  "address": "0:8bfb1e642e0ead295346af222d4ee8fab46dc51f99a1504bb4c51a9073e91b12",
  "image": "https://cdn.joincommunity.xyz/clicker/moneta.png",
  "name": "Notcoin Voucher Swap 8"
 },
 {
  "address": "0:99876c89e3a45a407dc06268c403c48c3178bbece7a29f8fb796faa41ec78802",
  "image": "https://cdn.joincommunity.xyz/clicker/moneta.png",
  "name": "Notcoin Voucher Swap 9"
 },
 {
  "address": "0:a12a8e482b788da941d418307d82dce30a33133ed9ac16a7a4b8203631dade54",
  "image": "https://cdn.joincommunity.xyz/clicker/moneta.png",
  "name": "Notcoin Voucher Swap A"
 },
 {
  "address": "0:ba0cd081bf4efa4c896244c7ceb76d11a5b4bbacd2837d2932dd6ac511aa45b7",
  "image": "https://cdn.joincommunity.xyz/clicker/moneta.png",
  "name": "Notcoin Voucher Swap B"
 },
 {
  "address": "0:c4fd715939869efeb97764cb20042b514a662197c078cb605910fee888604386",
  "image": "https://cdn.joincommunity.xyz/clicker/moneta.png",
  "name": "Notcoin Voucher Swap C"
 },
 {
  "address": "0:dd76aa4603678f5d0178ec0d8348bdc617a6732159a299f336775e9c7729b2da",
  "image": "https://cdn.joincommunity.xyz/clicker/moneta.png",
  "name": "Notcoin Voucher Swap D"
 },
 {
  "address": "0:efd2134d01a9a1625b42877a5326bab7a1107d456d998446244cfe9f863e41b5",
  "image": "https://cdn.joincommunity.xyz/clicker/moneta.png",
  "name": "Notcoin Voucher Swap E"
 },
 {
  "address": "0:f698fef380eefe8a650986a62bcb78b4eda27f491e770daa2432ea5f000a1bb7",
  "image": "https://cdn.joincommunity.xyz/clicker/moneta.png",
  "name": "Notcoin Voucher Swap F"
 }
]