[
 {
  "address": "0:da6b1b6663a0e4d18cc8574ccd9db5296e367dd9324706f3bbd9eb1cd2caf0bf",
  "description": "\u041f\u0440\u043e\u0441\u0442\u043e \u0441\u0430\u043c\u0430\u044f \u0442\u043e\u043f\u043e\u0432\u0430\u044f \u043a\u043e\u043b\u043b\u0435\u043a\u0446\u0438\u044f \u0432 \u0441\u0435\u0442\u0438 \u0422\u041e\u041d.",
  "max_items": 128,
  "name": "Cryptodickbutt",
  "social": [
   "https://t.me/cryptozhopohuy"
  ],
  "websites": [
   "https://cryptozhopohuy.org"
  ]
 },
 {
  "address": "0:80d78a35f955a14b679faa887ff4cd5bfc0f43b4a4eea2a7e6927f3701b273c2",
  "name": "Telegram usernames",
  "websites": [
   "https://t.me",
   "https://telegram.org"
  ]
 },
 {
  "address": "EQA-2g3g7Jj169mrA5PR49LjmIC1TIQfaGEcZ8UnDZYfsrno",
  "name": "The Gateway"
 }
]